Account Statement,,,,,,,,
Account Holder : SAMPLE STUDENT (demo data),,,,,,,,
Period : 01-07-2026 to 31-08-2026,,,,,,,,
,,,,,,,,
Sl. No.,Transaction Date,Value Date,Description,Chq / Ref No.,Amount,Dr / Cr,Balance,Dr / Cr
1,01-07-2026 09:10,01-07-2026,UPI/Ramesh Kumar/612300000001/Sent,610000000001,"8,000.00",CR,"9,200.00",CR
2,02-07-2026 10:15,02-07-2026,UPI/Shanthi Pg/612300000002/Rent,610000000002,"3,500.00",DR,"5,700.00",CR
3,03-07-2026 21:40,03-07-2026,UPI/SWIGGY/612300000003/Payment,610000000003,265.00,DR,"5,435.00",CR
4,04-07-2026 11:00,04-07-2026,811:BD/JIO PREPAID/9876543210,610000000004,299.00,DR,"5,136.00",CR
5,05-07-2026 13:15,05-07-2026,UPI/Ravi Kumar K/61230000507/Paid,610000000005,40.00,DR,"5,096.00",CR
6,08-07-2026 13:18,08-07-2026,UPI/Ravi Kumar K/61230000807/Paid,610000000006,85.00,DR,"5,011.00",CR
7,11-07-2026 13:21,11-07-2026,UPI/Ravi Kumar K/612300001107/Paid,5.10715E+11,55.00,DR,"4,956.00",CR
8,14-07-2026 13:24,14-07-2026,UPI/Ravi Kumar K/612300001407/Paid,610000000008,100.00,DR,"4,856.00",CR
9,17-07-2026 13:27,17-07-2026,UPI/Ravi Kumar K/612300001707/Paid,610000000009,70.00,DR,"4,786.00",CR
10,20-07-2026 13:30,20-07-2026,UPI/Ravi Kumar K/612300002007/Paid,610000000010,40.00,DR,"4,746.00",CR
11,23-07-2026 13:33,23-07-2026,UPI/Ravi Kumar K/612300002307/Paid,610000000011,85.00,DR,"4,661.00",CR
12,26-07-2026 13:36,26-07-2026,UPI/Ravi Kumar K/612300002607/Paid,610000000012,55.00,DR,"4,606.00",CR
13,08-07-2026 17:20,08-07-2026,UPI/Arjun P/612300000009/Trip,610000000013,650.00,DR,"3,956.00",CR
14,11-07-2026 22:05,11-07-2026,UPI/Arjun P/612300000010/Split,5.10715E+11,300.00,CR,"4,256.00",CR
15,12-07-2026 10:20,12-07-2026,PCD/4821/IRCTC/NEW DELHI,610000000015,845.00,DR,"3,411.00",CR
16,14-07-2026 18:30,14-07-2026,UPI/ZEPTO/612300000016/Order,610000000016,380.00,DR,"3,031.00",CR
17,15-07-2026 20:00,15-07-2026,UPI/Kiran Traders/612300000015/Paid,610000000017,480.00,DR,"2,551.00",CR
18,16-07-2026 19:45,16-07-2026,UPI/Sunita Devi/612300000016/Home,610000000018,"1,500.00",CR,"4,051.00",CR
19,18-07-2026 16:10,18-07-2026,UPI/Hair Studio Men/612300000018/Paid,610000000019,150.00,DR,"3,901.00",CR
20,19-07-2026 12:00,19-07-2026,UPI/Arjun P/612300000019/Paid,610000000020,420.00,DR,"3,481.00",CR
21,21-07-2026 09:00,21-07-2026,CHRG/SMS ALERT CHARGES QTR,5.10715E+11,15.00,DR,"3,466.00",CR
22,22-07-2026 14:00,22-07-2026,UPI/ZEPTO/612300000022/Order,610000000022,240.00,DR,"3,226.00",CR
23,25-07-2026 10:00,25-07-2026,CASHBACK EARNED/UPI OFFER,610000000023,12.00,CR,"3,238.00",CR
24,26-07-2026 18:30,26-07-2026,UPI/Deepa Stores/612300000026/Paid,610000000024,610.00,DR,"2,628.00",CR
25,01-08-2026 09:10,01-08-2026,UPI/Ramesh Kumar/612300000001/Sent,610000000025,"8,000.00",CR,"10,628.00",CR
26,02-08-2026 10:15,02-08-2026,UPI/Shanthi Pg/612300000002/Rent,610000000026,"3,500.00",DR,"7,128.00",CR
27,03-08-2026 21:40,03-08-2026,UPI/SWIGGY/612300000003/Payment,610000000027,265.00,DR,"6,863.00",CR
28,04-08-2026 11:00,04-08-2026,811:BD/JIO PREPAID/9876543210,5.10715E+11,299.00,DR,"6,564.00",CR
29,05-08-2026 13:15,05-08-2026,UPI/Ravi Kumar K/61230000508/Paid,610000000029,40.00,DR,"6,524.00",CR
30,09-08-2026 22:30,09-08-2026,UPI/ZOMATO/612300000909/Order,610000000030,340.00,DR,"6,184.00",CR
31,10-08-2026 23:10,10-08-2026,UPI/SWIGGY/612300001008/Payment,610000000031,289.00,DR,"5,895.00",CR
32,13-08-2026 21:45,13-08-2026,UPI/ZOMATO/612300001308/Order,610000000032,410.00,DR,"5,485.00",CR
33,17-08-2026 13:27,17-08-2026,UPI/Ravi Kumar K/612300001708/Paid,610000000033,70.00,DR,"5,415.00",CR
34,20-08-2026 13:30,20-08-2026,UPI/Ravi Kumar K/612300002008/Paid,610000000034,40.00,DR,"5,375.00",CR
35,23-08-2026 13:33,23-08-2026,UPI/Ravi Kumar K/612300002308/Paid,5.10715E+11,85.00,DR,"5,290.00",CR
36,26-08-2026 13:36,26-08-2026,UPI/Ravi Kumar K/612300002608/Paid,610000000036,55.00,DR,"5,235.00",CR
37,08-08-2026 17:20,08-08-2026,UPI/Arjun P/612300000009/Trip,610000000037,650.00,DR,"4,585.00",CR
38,11-08-2026 22:05,11-08-2026,UPI/Arjun P/612300000010/Split,610000000038,300.00,CR,"4,885.00",CR
39,12-08-2026 23:48,12-08-2026,PCD/4821/AMAZON RETAIL/BANGALORE,610000000039,"1,299.00",DR,"3,586.00",CR
40,14-08-2026 18:30,14-08-2026,ATL/4821/KOTAK ATM MG ROAD,610000000040,"1,500.00",DR,"2,086.00",CR
41,15-08-2026 20:00,15-08-2026,UPI/Kiran Traders/612300000015/Paid,610000000041,480.00,DR,"1,606.00",CR
42,16-08-2026 19:45,16-08-2026,UPI/Sunita Devi/612300000016/Home,5.10715E+11,"1,500.00",CR,"3,106.00",CR
43,18-08-2026 16:10,18-08-2026,UPI/Hair Studio Men/612300000018/Paid,610000000043,150.00,DR,"2,956.00",CR
44,19-08-2026 12:00,19-08-2026,UPI/Arjun P/612300000019/Paid,610000000044,420.00,DR,"2,536.00",CR
45,21-08-2026 21:00,21-08-2026,UPI/DOMINOS PIZZA/612300002108/Order,610000000045,520.00,DR,"2,016.00",CR
46,22-08-2026 14:00,22-08-2026,REV-UPI/SWIGGY/612300000022/Refund,610000000046,120.00,CR,"2,136.00",CR
47,25-08-2026 10:00,25-08-2026,CASHBACK EARNED/UPI OFFER,610000000047,12.00,CR,"2,148.00",CR
48,26-08-2026 18:30,26-08-2026,UPI/Deepa Stores/612300000026/Paid,610000000048,610.00,DR,"1,538.00",CR
49,30-08-2026 23:59,30-08-2026,Int.Pd:01-06-2026 to 31-08-2026,5.10715E+11,18.00,CR,"1,556.00",CR
50,31-08-2026 10:00,31-08-2026,Ac xfr from gl 9988776655,610000000050,500.00,CR,"2,056.00",CR
51,31-08-2026 10:01,31-08-2026,Ac xfr from gl 9988776655,610000000051,500.00,DR,"1,556.00",CR
,,,,,,,,
This is a sample statement with made-up names and amounts. Please report discrepancies within 30 days.,,,,,,,,
